{"parent":"minecraft:item/handheld","textures":{"layer0":"minecraft:item/diamond_sword"},"overrides":[{"predicate":{"custom_model_data":2200272},"model":"slimefun:slimefun/weapons/soulbound_sword"},{"predicate":{"custom_model_data":2200827},"model":"litexpansion:tools/nano_blade"},{"predicate":{"custom_model_data":2201424},"model":"bump:magical_weapons/emer_sword"},{"predicate":{"custom_model_data":2201426},"model":"bump:magical_weapons/random_sword"},{"predicate":{"custom_model_data":2201432},"model":"bump:magical_weapons/sky_devil_sword"},{"predicate":{"custom_model_data":2201433},"model":"item/diamond_sword"}]}